source_url,product_id,name,brand,category,price,currency,image_url
https://www.musinsa.com/products/3783092,3783092,[크롭선택] ASI 포시즌 에센셜 후드 집업_피그먼트 차콜,디미트리블랙,아우터 > 후드 집업,33800,KRW,https://image.msscdn.net/images/goods_img/20240109/3783092/3783092_17708794030062_500.jpg
https://www.musinsa.com/products/5399594,5399594,[보라끌레르X수아레] 우먼 캐시미어 홀가먼트 니트 2 (단품/2팩),수아레 우먼,상의 > 니트/스웨터,99900,KRW,https://image.msscdn.net/images/goods_img/20250903/5399594/5399594_17574011045277_500.jpg
https://www.musinsa.com/products/3771089,3771089,베켄바우어 트랙탑 - 블랙 / IY8077,아디다스,아우터 > 트레이닝 재킷,83990,KRW,https://image.msscdn.net/images/goods_img/20240102/3771089/3771089_17041852509353_500.jpg
https://www.musinsa.com/products/4240660,4240660,푸마 클럽 2 에라 - 화이트:블랙  / 397447-07,푸마,신발 > 스니커즈,46990,KRW,https://image.msscdn.net/images/goods_img/20240709/4240660/4240660_17217004549549_500.jpg
https://www.musinsa.com/products/3392006,3392006,젤-1130 - 스틸 그레이:퓨어 실버 / 1201A934-020,아식스,신발 > 스니커즈,119000,KRW,https://image.msscdn.net/images/goods_img/20230703/3392006/3392006_16890620065956_500.jpg
https://www.musinsa.com/products/4401124,4401124,[보라끌레르X수아레] 우먼 캐시미어 홀가먼트 니트 (단품/2팩),수아레 우먼,상의 > 니트/스웨터,99900,KRW,https://image.msscdn.net/images/goods_img/20240904/4401124/4401124_17585227609519_500.jpg
https://www.musinsa.com/products/5367614,5367614,아톰 SV 후디 남성 - BLACK / AJPFM09902,아크테릭스,스포츠/레저 > 아우터,541500,KRW,https://image.msscdn.net/images/goods_img/20250827/5367614/5367614_17573795222252_500.jpg
https://www.musinsa.com/products/1778404,1778404,2WAY 스웻 후드 집업 (MELANGE GREY),토피,아우터 > 후드 집업,39150,KRW,https://image.msscdn.net/images/goods_img/20210204/1778404/1778404_1_500.jpg
https://www.musinsa.com/products/5329359,5329359,후드 집업 - 블랙:크림화이트 / KC9315,아디다스,아우터 > 후드 집업,106990,KRW,https://image.msscdn.net/images/goods_img/20250818/5329359/5329359_17569461399483_500.jpg
https://www.musinsa.com/products/4385991,4385991,[보라끌레르X수아레](우먼)캐시미어 100 홀가먼트 니트 - 14 COLOR,수아레 우먼,상의 > 니트/스웨터,99900,KRW,https://image.msscdn.net/images/goods_img/20240829/4385991/4385991_17582601007705_500.jpg
https://www.musinsa.com/products/4240657,4240657,푸마 클럽 2 에라 - 블랙:화이트 / 397447-02,푸마,신발 > 스니커즈,46990,KRW,https://image.msscdn.net/images/goods_img/20240709/4240657/4240657_17217005570257_500.jpg
https://www.musinsa.com/products/4386012,4386012,[보라끌레르X수아레](우먼)캐시미어 100 라운드 가디건 - 9 COLOR,수아레 우먼,아우터 > 카디건,109900,KRW,https://image.msscdn.net/images/goods_img/20240829/4386012/4386012_17572925124747_500.jpg
https://www.musinsa.com/products/3276429,3276429,SHOWER - 808 (a) / BLACK,킨치,신발 > 구두,260100,KRW,https://image.msscdn.net/images/goods_img/20230504/3276429/3276429_17770163028829_500.jpg
https://www.musinsa.com/products/4993411,4993411,와이드 커브드 다트 코튼 팬츠[블랙],시그니처,바지 > 코튼 팬츠,26950,KRW,https://image.msscdn.net/images/goods_img/20250407/4993411/4993411_17443663335178_500.jpg
https://www.musinsa.com/products/2114452,2114452,아이언 레인저 8111 - 앰버 하니스 / 08111D,레드윙,신발 > 부츠/워커,598000,KRW,https://image.msscdn.net/images/goods_img/20210907/2114452/2114452_17331214675016_500.jpg
https://www.musinsa.com/products/4385997,4385997,[보라끌레르X수아레](우먼)캐시미어 100 홀가먼트 브이넥 니트 - 8 COLOR,수아레 우먼,상의 > 니트/스웨터,99900,KRW,https://image.msscdn.net/images/goods_img/20240829/4385997/4385997_17585225944934_500.jpg
https://www.musinsa.com/products/4371012,4371012,에어 포스 1 07 WB M - 플랙스:검 라이트 브라운:블랙:위트 / CJ9179-200,나이키,신발 > 스니커즈,169000,KRW,https://image.msscdn.net/images/goods_img/20240826/4371012/4371012_17255868621694_500.jpg
https://www.musinsa.com/products/3563185,3563185,파이어버드 트랙탑 - 블랙 / IJ7058,아디다스,아우터 > 트레이닝 재킷,119000,KRW,https://image.msscdn.net/images/goods_img/20230915/3563185/3563185_16950017775747_500.jpg
https://www.musinsa.com/products/5321066,5321066,[보라끌레르X수아레](우먼)캐시미어 100 홀가먼트 터틀넥 니트 - 5 COLOR,수아레 우먼,상의 > 니트/스웨터,99900,KRW,https://image.msscdn.net/images/goods_img/20250813/5321066/5321066_17569716578791_500.jpg
https://www.musinsa.com/products/4993414,4993414,와이드 커브드 다트 코튼 팬츠[베이지],시그니처,바지 > 코튼 팬츠,26950,KRW,https://image.msscdn.net/images/goods_img/20250407/4993414/4993414_17772762012534_500.jpg
https://www.musinsa.com/products/4761188,4761188,록 링크 팬츠 [차콜 스트라이프],비긴202,바지 > 슈트 팬츠/슬랙스,119200,KRW,https://image.msscdn.net/images/goods_img/20250205/4761188/4761188_17387438502547_500.jpg
https://www.musinsa.com/products/5321103,5321103,[보라끌레르X수아레](우먼)캐시미어 100 케이블 라운드 가디건 - 8 COLOR,수아레 우먼,아우터 > 카디건,119900,KRW,https://image.msscdn.net/images/goods_img/20250813/5321103/5321103_17569716124962_500.jpg
https://www.musinsa.com/products/4280527,4280527,져지 트랙 자켓 아이보리,트래블,아우터 > 트레이닝 재킷,49000,KRW,https://image.msscdn.net/images/goods_img/20240729/4280527/4280527_17693915589684_500.jpg
https://www.musinsa.com/products/4328804,4328804,에샤페 초코(FS261OD03X087219),휠라,신발 > 스니커즈,119000,KRW,https://image.msscdn.net/images/goods_img/20240814/4328804/4328804_17703583069174_500.jpg
https://www.musinsa.com/products/3837367,3837367,워시드 코튼 도비 팬츠 [워시드 블랙],비긴202,바지 > 코튼 팬츠,94400,KRW,https://image.msscdn.net/images/goods_img/20240131/3837367/3837367_17066945929716_500.jpg
https://www.musinsa.com/products/1735427,1735427,[2PACK] 와이드핏 트레이닝 스웨트 팬츠 - 6color,에스이에스티,바지 > 트레이닝/조거 팬츠,32100,KRW,https://image.msscdn.net/images/goods_img/20210104/1735427/1735427_17646558259203_500.jpg
https://www.musinsa.com/products/4376737,4376737,더프 헤링턴 자켓 브라운 JJOT7732,더블유브이프로젝트,아우터 > 사파리/헌팅 재킷,78900,KRW,https://image.msscdn.net/images/goods_img/20240827/4376737/4376737_17247559627478_500.jpg
https://www.musinsa.com/products/1551840,1551840,Deep One Tuck Sweat Pants [Grey],제로,바지 > 트레이닝/조거 팬츠,31200,KRW,https://image.msscdn.net/images/goods_img/20200818/1551840/1551840_1_500.jpg
https://www.musinsa.com/products/1844582,1844582,(Renew Ver.) 원턱 와이드 스웨트 팬츠 ( 8Color ) ( 기모선택 ),브렌슨,바지 > 트레이닝/조거 팬츠,29900,KRW,https://image.msscdn.net/images/goods_img/20210315/1844582/1844582_17774456564921_500.jpg
https://www.musinsa.com/products/1760177,1760177,도브 울 블루종 자켓 [BLACK],드로우핏,아우터 > 블루종/MA-1,139200,KRW,https://image.msscdn.net/images/goods_img/20210125/1760177/1760177_17568597040774_500.jpg
https://www.musinsa.com/products/5160043,5160043,트레일블레이저 10/20/30 (5 color),살로몬,스포츠/레저 > 가방,100000,KRW,https://image.msscdn.net/images/goods_img/20250530/5160043/5160043_17540258682523_500.jpg
https://www.musinsa.com/products/2723218,2723218,ASI 2WAY 어센틱 후드 윈드브레이커 자켓_블랙,디미트리블랙,아우터 > 나일론/코치 재킷,44900,KRW,https://image.msscdn.net/images/goods_img/20220817/2723218/2723218_17603312716294_500.jpg
https://www.musinsa.com/products/5333555,5333555,맨티스 16 백팩 - BLACK / ABPFU10636,아크테릭스,스포츠/레저 > 가방,220000,KRW,https://image.msscdn.net/images/goods_img/20250818/5333555/5333555_17573788208085_500.jpg
https://www.musinsa.com/products/3674341,3674341,(여름원단추가) 투턱 와이드 롱 스웨트 팬츠 [블랙],바운더리,바지 > 트레이닝/조거 팬츠,37700,KRW,https://image.msscdn.net/images/goods_img/20231101/3674341/3674341_17042599581270_500.jpg
https://www.musinsa.com/products/1527073,1527073,조그 100 T (4E) - 블랙 / 1021A463-001,아식스,신발 > 스니커즈,99000,KRW,https://image.msscdn.net/images/goods_img/20200724/1527073/1527073_1_500.jpg
https://www.musinsa.com/products/1558197,1558197,릴렉스드 베이식 블레이저 [블랙],무신사 스탠다드,아우터 > 슈트/블레이저 재킷,85390,KRW,https://image.msscdn.net/images/goods_img/20200820/1558197/1558197_17775147834461_500.jpg
https://www.musinsa.com/products/3791988,3791988,데미지 워시드 데님 팬츠-미디엄 블루,필루미네이트,바지 > 데님 팬츠,26900,KRW,https://image.msscdn.net/images/goods_img/20240112/3791988/3791988_17720827808819_500.jpg
https://www.musinsa.com/products/4757347,4757347,빈티지 프론트 워싱 와이드 벌룬 데님 팬츠 4Color,언탭트 스튜디오,바지 > 데님 팬츠,36800,KRW,https://image.msscdn.net/images/goods_img/20250204/4757347/4757347_17389245694198_500.jpg
https://www.musinsa.com/products/5215536,5215536,[시티 레저] 시어 립스탑 후디드 라이트 다운 재킷 [오렌지],무신사 스탠다드,아우터 > 경량 패딩/패딩 베스트,129900,KRW,https://image.msscdn.net/images/goods_img/20250701/5215536/5215536_17582492472294_500.jpg
https://www.musinsa.com/products/5352002,5352002,[수아레X오정규] 에센셜 울 새들 니트 - 6 COLOR,수아레,상의 > 니트/스웨터,39900,KRW,https://image.msscdn.net/images/goods_img/20250821/5352002/5352002_17611955757177_500.jpg
https://www.musinsa.com/products/1149329,1149329,세미 와이드 히든 밴딩 슬랙스 [블랙],무신사 스탠다드,바지 > 슈트 팬츠/슬랙스,39900,KRW,https://image.msscdn.net/images/goods_img/20190910/1149329/1149329_17775152531848_500.jpg
https://www.musinsa.com/products/4302685,4302685,SORANO Basic Logo HOODIE [6Color],소라노,상의 > 후드 티셔츠,45900,KRW,https://image.msscdn.net/images/goods_img/20240807/4302685/4302685_17229675684379_500.jpg
https://www.musinsa.com/products/1220731,1220731,사피아노 신세틱 레더 벨트_30mm,무신사 스탠다드,소품 > 벨트,14290,KRW,https://image.msscdn.net/images/goods_img/20191112/1220731/1220731_17073700380718_500.jpg
https://www.musinsa.com/products/3697526,3697526,[2-WAY] 슬리브 스타 피그먼트 후드 집업 스모크블랙,꼼파뇨,아우터 > 후드 집업,59400,KRW,https://image.msscdn.net/images/goods_img/20231108/3697526/3697526_17002041370481_500.jpg
https://www.musinsa.com/products/1168922,1168922,리얼 와이드 히든 밴딩 슬랙스 [블랙],무신사 스탠다드,바지 > 슈트 팬츠/슬랙스,45900,KRW,https://image.msscdn.net/images/goods_img/20190927/1168922/1168922_17569508760902_500.jpg
https://www.musinsa.com/products/4747235,4747235,커브드 코튼 치노 팬츠 [블랙],르아르,바지 > 코튼 팬츠,39000,KRW,https://image.msscdn.net/images/goods_img/20250130/4747235/4747235_17536765277143_500.png
https://www.musinsa.com/products/1551839,1551839,Deep One Tuck Sweat Pants [Black],제로,바지 > 트레이닝/조거 팬츠,31200,KRW,https://image.msscdn.net/images/goods_img/20200818/1551839/1551839_1_500.jpg
https://www.musinsa.com/products/3533480,3533480,스페이스 헤비코튼 후드 버건디 KMHD6723,에즈카톤,상의 > 후드 티셔츠,43900,KRW,https://image.msscdn.net/images/goods_img/20230906/3533480/3533480_16939610292721_500.jpg
https://www.musinsa.com/products/3783094,3783094,[크롭선택] ASI 포시즌 에센셜 후드 집업_스웻 멜란지,디미트리블랙,아우터 > 후드 집업,31300,KRW,https://image.msscdn.net/images/goods_img/20240109/3783094/3783094_17752015012983_500.jpg
https://www.musinsa.com/products/2302738,2302738,TAG OG HOODIE - NAVY,브라운브레스,상의 > 후드 티셔츠,89000,KRW,https://image.msscdn.net/images/goods_img/20220112/2302738/2302738_17685234128085_500.jpg
https://www.musinsa.com/products/5215534,5215534,[시티 레저] 시어 립스탑 후디드 라이트 다운 재킷 [라이트 그레이],무신사 스탠다드,아우터 > 경량 패딩/패딩 베스트,129900,KRW,https://image.msscdn.net/images/goods_img/20250701/5215534/5215534_17610119106335_500.jpg
https://www.musinsa.com/products/2305840,2305840,프렌치 스트라이프 셔츠 - 네이비,토마스모어,상의 > 셔츠/블라우스,56720,KRW,https://image.msscdn.net/images/goods_img/20220113/2305840/2305840_2_500.jpg
https://www.musinsa.com/products/2149254,2149254,베이식 긴소매 티셔츠 2팩,무신사 스탠다드,상의 > 긴소매 티셔츠,24990,KRW,https://image.msscdn.net/images/goods_img/20210928/2149254/2149254_17138588137724_500.jpg
https://www.musinsa.com/products/5360472,5360472,[씬라이트] 후드 재킷_SPJPF4TC24,스파오,아우터 > 경량 패딩/패딩 베스트,29900,KRW,https://image.msscdn.net/images/goods_img/20250825/5360472/5360472_17617884957420_500.png
https://www.musinsa.com/products/595038,595038,1461 3홀 블랙 나파 / 11838001,닥터마틴,신발 > 구두,229000,KRW,https://image.msscdn.net/images/goods_img/20170728/595038/595038_4_500.jpg
https://www.musinsa.com/products/5311114,5311114,2WAY 비건 스웨이드 블루종 자켓 3Color,언탭트 스튜디오,아우터 > 블루종/MA-1,56840,KRW,https://image.msscdn.net/images/goods_img/20250811/5311114/5311114_17570503866331_500.jpg
https://www.musinsa.com/products/4796679,4796679,2WAY OG 에센셜 디트로이트 후드 집업_데님 더스트 인디고,디미트리블랙,아우터 > 후드 집업,39900,KRW,https://image.msscdn.net/images/goods_img/20250217/4796679/4796679_17628359047962_500.jpg
https://www.musinsa.com/products/5329563,5329563,BB 트랙탑 - 클리어핑크 / KC3334,아디다스,아우터 > 트레이닝 재킷,139000,KRW,https://image.msscdn.net/images/goods_img/20250818/5329563/5329563_17573004720514_500.jpg
https://www.musinsa.com/products/4767374,4767374,와플 BB 트랙탑  - 원더화이트 / JV9263,아디다스,아우터 > 트레이닝 재킷,119000,KRW,https://image.msscdn.net/images/goods_img/20250207/4767374/4767374_17405511510275_500.jpg
https://www.musinsa.com/products/1778408,1778408,2WAY 스웻 후드 집업 (BLACK),토피,아우터 > 후드 집업,39150,KRW,https://image.msscdn.net/images/goods_img/20210204/1778408/1778408_17168650383792_500.jpg
https://www.musinsa.com/products/3981315,3981315,크롭 무브 가디건 [블랙],밀로 아카이브,아우터 > 카디건,86400,KRW,https://image.msscdn.net/images/goods_img/20240322/3981315/3981315_17110720298305_500.jpg
https://www.musinsa.com/products/4619899,4619899,신세틱 스웨이드 레이서 재킷 [브라운],무신사 스탠다드,아우터 > 레더/라이더스 재킷,129900,KRW,https://image.msscdn.net/images/goods_img/20241118/4619899/4619899_17392629267675_500.jpg
https://www.musinsa.com/products/4288935,4288935,ASI 에센셜 바이오워싱 데님 셔츠_더스트 인디고,디미트리블랙,상의 > 셔츠/블라우스,29900,KRW,https://image.msscdn.net/images/goods_img/20240801/4288935/4288935_17234533281193_500.jpg
https://www.musinsa.com/products/5275962,5275962,[패션플래닛X드로우핏] 세미 와이드 치노 팬츠 [6color],드로우핏,바지 > 코튼 팬츠,59400,KRW,https://image.msscdn.net/images/goods_img/20250728/5275962/5275962_17564335392185_500.jpg
https://www.musinsa.com/products/5376111,5376111,마운틴 롱슬리브 (스카이블루),탄산마그네슘,상의 > 긴소매 티셔츠,65550,KRW,https://image.msscdn.net/images/goods_img/20250828/5376111/5376111_17621500295885_500.jpg
https://www.musinsa.com/products/4128817,4128817,미니 플랩백팩_블랙,마스마룰즈,가방 > 백팩,52000,KRW,https://image.msscdn.net/images/goods_img/20240514/4128817/4128817_17720668416530_500.jpg
https://www.musinsa.com/products/5351990,5351990,[수아레X오정규] 워셔블 크롭 하찌 니트 - 9 COLOR,수아레,상의 > 니트/스웨터,39900,KRW,https://image.msscdn.net/images/goods_img/20250821/5351990/5351990_17611954701306_500.jpg
https://www.musinsa.com/products/3157671,3157671,클럽 C 85 GL - 트리플 블랙 / 100000153,리복,신발 > 스니커즈,109000,KRW,https://image.msscdn.net/images/goods_img/20230317/3157671/3157671_17715461552129_500.jpg
https://www.musinsa.com/products/991339,991339,라이트웨이트 크루 삭스 7팩 [화이트],무신사 스탠다드,소품 > 양말/레그웨어,18890,KRW,https://image.msscdn.net/images/goods_img/20190322/991339/991339_17138316859815_500.jpg
https://www.musinsa.com/products/5269891,5269891,베이식 긴소매 티셔츠 3팩,무신사 스탠다드,상의 > 긴소매 티셔츠,53090,KRW,https://image.msscdn.net/images/goods_img/20250724/5269891/5269891_17561986258926_500.jpg
https://www.musinsa.com/products/5249171,5249171,멀티 스트라이프 롱 슬리브-블랙,필루미네이트,상의 > 긴소매 티셔츠,29900,KRW,https://image.msscdn.net/images/goods_img/20250715/5249171/5249171_17774245090184_500.jpg
https://www.musinsa.com/products/5416584,5416584,NJ3BR82K 화이트라벨 여성 노벨티 올레마 자켓 BROWN,노스페이스,스포츠/레저 > 아우터,168000,KRW,https://image.msscdn.net/images/goods_img/20250908/5416584/5416584_17579844883894_500.jpg
https://www.musinsa.com/products/5162177,5162177,[시티 레저] 우먼즈 후디드 라이트 다운 재킷 [블랙],무신사 스탠다드 우먼,아우터 > 경량 패딩/패딩 베스트,109900,KRW,https://image.msscdn.net/images/goods_img/20250602/5162177/5162177_17568906539382_500.jpg
https://www.musinsa.com/products/4434539,4434539,시티보이 빅 오버핏 플레이드 체크 셔츠 3Color,언탭트 스튜디오,상의 > 셔츠/블라우스,34970,KRW,https://image.msscdn.net/images/goods_img/20240912/4434539/4434539_17261220660899_500.jpg
https://www.musinsa.com/products/4567792,4567792,VLAD 컷오프 아플리케 후드 집업_차콜,디미트리블랙,아우터 > 후드 집업,36900,KRW,https://image.msscdn.net/images/goods_img/20241029/4567792/4567792_17307691621687_500.jpg
https://www.musinsa.com/products/4309048,4309048,벨벳 메리제인 1800 블랙,불라디,키즈 > 신발,65000,KRW,https://image.msscdn.net/images/goods_img/20240808/4309048/4309048_17234467578119_500.jpg
https://www.musinsa.com/products/2081571,2081571,Vintage Long Sleeve Henley Shirt Black,브론슨,상의 > 긴소매 티셔츠,50150,KRW,https://image.msscdn.net/images/goods_img/20210823/2081571/2081571_17737267731808_500.jpg
https://www.musinsa.com/products/3464998,3464998,MRT 후드티,벤힛,상의 > 후드 티셔츠,37000,KRW,https://image.msscdn.net/images/goods_img/20230814/3464998/3464998_16964023450202_500.jpg
https://www.musinsa.com/products/5322174,5322174,크로스 포켓 카고 팬츠 (BLACK) F25ZD976,팬시클럽,바지 > 코튼 팬츠,95200,KRW,https://image.msscdn.net/images/goods_img/20250813/5322174/5322174_17586165118495_500.jpg
https://www.musinsa.com/products/4336623,4336623,미니멀 버튼 라운드넥 크롭 가디건 (CHARCOAL),엑스컨테이너,아우터 > 카디건,37950,KRW,https://image.msscdn.net/images/goods_img/20240816/4336623/4336623_17702721756132_500.jpg
https://www.musinsa.com/products/4854740,4854740,가젤 인도어 - 오트:클라우드화이트 / JI3523,아디다스,신발 > 스니커즈,78990,KRW,https://image.msscdn.net/images/goods_img/20250304/4854740/4854740_17415882536700_500.jpg
https://www.musinsa.com/products/4556449,4556449,벌룬핏 스웨트 팬츠[라이트그레이],스켈리웩,바지 > 트레이닝/조거 팬츠,24900,KRW,https://image.msscdn.net/images/goods_img/20241024/4556449/4556449_17764024495685_500.jpg
